Stories,Label
"Goddess Saraswati, the embodiment of knowledge and wisdom, graced the earth with her presence, inspiring poets, scholars, and artists.",Yes
"King Dasharatha, facing an agonizing dilemma, granted his son Rama's request to go into exile, setting the stage for the epic Ramayana.",Yes
"The mystical serpent Vasuki willingly became the churning rope during the Samudra Manthan, the cosmic ocean's churning, to obtain the nectar of immortality.",Yes
"The mighty demoness Holika, sister of Hiranyakashipu, was defeated by the devotion of young Prahlada, saved by Lord Vishnu's divine intervention.",Yes
"Lord Ganesha, with his elephant head and love for modak, exemplified wisdom and remover of obstacles.",Yes
"The enchanting love story of Radha and Krishna unfolded in the divine groves of Vrindavan, symbolizing the purest form of devotion.",Yes
"The hermitage of Sage Agastya witnessed the wondrous marriage of Lord Shiva and Parvati, marking the union of divine energies.",Yes
"The valiant warrior Arjuna faced a moral dilemma on the battlefield of Kurukshetra, seeking guidance from Lord Krishna in the Bhagavad Gita.",Yes
"The devoted wife Savitri, through her unwavering love and intelligence, successfully negotiated with Lord Yama to save her husband's life.",Yes
The loyal friend Hanuman carried the entire mountain of healing herbs to cure Lakshmana during the battle with Ravana's forces.,Yes
"King Bali, known for his benevolence, was granted a boon by Lord Vishnu, who assumed the form of Vamana, a dwarf Brahmin.",Yes
The celestial nymph Menaka's enchanting dance and love affair with Sage Vishwamitra stirred both the earthly and divine realms.,Yes
"Sage Durvasa's irritable nature was pacified by the humility and hospitality of Kunti, earning her a powerful mantra to invoke deities.",Yes
"The mystical bird Jatayu bravely fought Ravana to save Sita but succumbed to his injuries, earning Lord Rama's heartfelt gratitude.",Yes
"The divine cow Kamadhenu emerged during the churning of the ocean, bestowing prosperity and fulfilling the desires of those who revered her.",Yes
"The devoted elephant Airavata, born of the churning of the ocean, served as the mount of Lord Indra, the king of gods.",Yes
"The righteous King Harishchandra's unwavering commitment to truth and justice was tested by the sage Vishwamitra and the lord of death, Yama.",Yes
"The compassionate sage Markandeya's devotion to Lord Shiva protected him from the clutches of death, granting him immortality.",Yes
"The sacred city of Varanasi, nestled along the banks of the Ganges, is believed to be founded by Lord Shiva himself, offering moksha to those who die there.",Yes
The celestial nymph Urvashi's encounter with Sage Narada and subsequent transformation into a creeper showcased the consequences of disrupting divine harmony.,Yes
"The divine river Yamuna, blessed by Lord Krishna's playful childhood, holds a sacred place in the hearts of devotees.",Yes
The devoted sage Narada played a pivotal role in shaping the destinies of gods and mortals through his wisdom and music.,Yes
"The mythical bird Garuda, born to Vinata, became Lord Vishnu's loyal mount, symbolizing the triumph of divine knowledge over ignorance.",Yes
"The compassionate King Harsha's reign was marked by prosperity and happiness, earning him the title of ""Harsha Vardhana.""",Yes
"The captivating story of Shakuntala, abandoned by her husband King Dushyanta but later reunited through the charm of their son Bharata.",Yes
"The divine river Saraswati, revered in Hindu scriptures, is believed to flow underground, symbolizing the hidden currents of knowledge.",Yes
The celestial architect Vishwakarma crafted the divine weapons of gods and designed the opulent palaces of the heavens.,Yes
"The devoted wife Anasuya's virtue and purity led to the divine Trinity—Brahma, Vishnu, and Shiva—being born as her sons.",Yes
"The benevolent King Vikramaditya's reign was known for justice, wisdom, and the famous tales narrated by the celestial storyteller Vetala.",Yes
"The legendary sage Valmiki composed the Ramayana, capturing the epic saga of Lord Rama's journey and adventures.",Yes
"The divine parrot Suka, the son of Sage Vyasa, recited the timeless Bhagavata Purana to King Parikshit, imparting spiritual wisdom.",Yes
"The devoted sage Agastya, known for his mastery over magical herbs, played a crucial role in shaping the destiny of gods and demons.",Yes
The legendary king Nala's unwavering devotion to Lord Shiva and his virtuous rule over the kingdom of Nishadha.,Yes
"The celestial dancer Usha's dream of a handsome prince led to the reunion of Aniruddha and Princess Usha, marking a divine love story.",Yes
"The mythical creature Makara, often depicted as a half-fish and half-elephant, symbolized the cosmic forces of creation and destruction.",Yes
"The devoted serpent Adishesha, also known as Ananta, serves as the divine couch of Lord Vishnu in the cosmic ocean.",Yes
"The mystical Panchavati forest witnessed the exile of Lord Rama, Sita, and Lakshmana, setting the stage for the abduction by Ravana.",Yes
"The sacred fire Agni, born from the cosmic churning, plays a pivotal role in various rituals, symbolizing transformation and purification.",Yes
"The divine conch shell Panchajanya, belonging to Lord Krishna, resonated across the battlefield of Kurukshetra, instilling fear in the hearts of the enemy.",Yes
"The legendary sage Bhrigu's test of the Trimurti—Brahma, Vishnu, and Shiva—resulted in Lord Vishnu's blessing and reconciliation.",Yes
"The mythical serpent Karkotaka, living in the Khandava forest, encountered Arjuna during his exile and formed a lasting alliance.",Yes
"The sacred city of Mathura witnessed Lord Krishna's miraculous childhood, including the defeat of the demoness Putana and the lifting of Govardhan Hill.",Yes
"The divine monkey army, led by Hanuman, played a crucial role in the epic battle against Ravana in the Ramayana.",Yes
"The sacred mantra ""Om Namah Shivaya"" reverberates in the hearts of devotees, symbolizing the devotion to Lord Shiva.",Yes
"The benevolent sage Vasishtha's hermitage was a haven of peace and wisdom, attracting gods, sages, and seekers alike.",Yes
"The celestial nymph Tilottama, born from the churning of the ocean, mesmerized the gods and demons with her unparalleled beauty.",Yes
The virtuous King Janaka's kingdom of Mithila became the backdrop for the divine wedding of Lord Rama and Sita.,Yes
"In ancient Greece, the legendary hero Hercules embarked on twelve heroic labors, facing mythical creatures and overcoming impossible challenges.",No
"Cleopatra, the captivating queen of Egypt, navigated political intrigue and alliances, leaving an indelible mark on history.",No
The Norse god Odin sacrificed his eye at the Well of Mímir in exchange for wisdom and knowledge about the fate of the cosmos.,No
"The Chinese myth of the Monkey King, Sun Wukong, chronicles his mischievous adventures and ultimate journey towards enlightenment.",No
"Joan of Arc, the courageous French heroine, led troops into battle during the Hundred Years' War, driven by divine visions.",No
"The legendary King Arthur, with his knights of the Round Table, sought the Holy Grail and defended Camelot from mythical threats.",No
"Sir Isaac Newton, under the shade of an apple tree, experienced a moment of enlightenment, leading to groundbreaking discoveries in physics.",No
"The ancient Egyptian deity Anubis, the god of mummification, guided souls through the afterlife with compassion and judgment.",No
"The tale of Aladdin and his magical lamp, originating from ""One Thousand and One Nights,"" unveils a world of wishes and enchantment.",No
"Nikola Tesla, the visionary inventor, harnessed the power of electricity, laying the foundation for modern technology.",No
"The Japanese folklore of Momotaro, the Peach Boy, tells the story of a boy born from a giant peach, destined to defeat ogres.",No
"Queen Nefertiti, renowned for her beauty, played a prominent role in Egyptian politics alongside her husband Pharaoh Akhenaten.",No
"The legend of Robin Hood, the outlaw with a heart of gold, highlights his fight against injustice and oppression in Sherwood Forest.",No
"The Maya civilization revered the maize god, associated with fertility, growth, and the agricultural cycle.",No
"Leonardo da Vinci, the polymath of the Renaissance, created masterpieces in art, science, and engineering, epitomizing the concept of a Renaissance man.",No
"The Japanese myth of the Crane Wife explores themes of love and transformation, as a crane turns into a woman to be with her beloved.",No
The ancient Mesopotamian epic of Gilgamesh follows the hero's quest for immortality and his friendship with the wild man Enkidu.,No
"Amelia Earhart, the pioneering aviator, broke barriers in aviation and inspired generations with her courage and determination.",No
"The legend of Dracula, inspired by the historical figure Vlad the Impaler, weaves a tale of vampiric terror in Transylvania.",No
"The pioneering astronomer Galileo Galilei faced persecution for advocating heliocentrism, challenging the geocentric view of the cosmos.",No
"The Aztec god Quetzalcoatl, the Feathered Serpent, symbolized life, wisdom, and the cycles of creation.",No
"Florence Nightingale, the founder of modern nursing, transformed healthcare practices and emphasized the importance of sanitation.",No
"In Japanese mythology, the goddess Amaterasu, the sun deity, retreated into a cave, leading to darkness until lured out by a clever dance.",No
"The Russian folklore of Baba Yaga, the witch with a hut on chicken legs, presents a complex figure of wisdom and challenge.",No
"The ancient Roman deity Janus, depicted with two faces, presided over beginnings, transitions, and doorways.",No
"Sojourner Truth, an abolitionist and women's rights activist, delivered the powerful ""Ain't I a Woman?"" speech, challenging societal norms.",No
"In Norse mythology, the Valkyries, warrior maidens, chose the fallen heroes for Odin's army in Valhalla.",No
"The legendary wizard Merlin guided King Arthur, using his magical wisdom to shape the destiny of Camelot.",No
"The Maya Hero Twins, Hunahpu and Xbalanque, ventured into the underworld to defeat the lords of death and restore balance.",No
"Eleanor of Aquitaine, queen consort of France and England, wielded political influence and championed the troubadour tradition.",No
"The Slavic folklore of Koschei the Deathless features a malevolent sorcerer whose soul is hidden away, rendering him immortal.",No
"Marie Curie, the pioneering physicist and chemist, won Nobel Prizes for her groundbreaking research on radioactivity.",No
"In Japanese folklore, the Tengu are mythical creatures with supernatural powers, often portrayed as protectors of the mountains.",No
"Harriet Tubman, the ""Moses of her people,"" guided hundreds of slaves to freedom through the Underground Railroad.",No
"In Mesopotamian mythology, Ishtar, the goddess of love and war, descended into the underworld to rescue her lover Tammuz.",No
The Indian mathematician Brahmagupta made significant contributions to algebra and number theory during the Golden Age of Indian mathematics.,No
"The Scottish folklore of the Loch Ness Monster, Nessie, captures the imagination with tales of a mysterious aquatic creature.",No
"Hypatia of Hypatia, a renowned mathematician and philosopher in ancient Alexandria, contributed to the fields of astronomy and mathematics.",No
"In Slavic mythology, the firebird, with its radiant plumage, symbolizes beauty, magic, and the quest for the extraordinary.",No
"Lise Meitner, a pioneering physicist, played a crucial role in discovering nuclear fission, although she was not initially credited for her work.",No
"In Chinese mythology, the Monkey King Sun Wukong's adventures include the acquisition of the magical Ruyi Jingu Bang, a staff capable of changing size.",No
The Russian fairy tale of Vasilisa the Beautiful showcases the triumph of virtue and cleverness over the challenges posed by the wicked stepmother and Baba Yaga.,No
"The ancient Egyptian god Thoth, associated with wisdom, magic, and writing, served as the scribe of the gods and keeper of knowledge.",No
"Sojourner Truth's ""Ain't I a Woman?"" speech, delivered at the 1851 Women's Rights Convention, powerfully advocated for gender and racial equality.",No
"The Native American creation myth varies across tribes, with each story explaining the origin of the earth, animals, and humans in unique ways.",No
"The tale of Mulan, a legendary Chinese warrior, disguises herself as a man to take her father's place in the army and brings honor to her family.",No
"Ada Lovelace, considered the world's first computer programmer, collaborated with Charles Babbage on his analytical engine and envisioned its potential beyond calculations.",No
"The Inuit myth of Sedna, the sea goddess, explores themes of betrayal, transformation, and the creation of marine animals.",No
"The Sumerian myth of Enki and Ninhursag depicts the god Enki's trickery and Ninhursag's subsequent curse, leading to the creation of various deities.",No
